entry_id	tla_id
0	58550
0	58570
0	58600
0	54070
0	55100
0	58120
1	450143
1	58060
1	58070
2	56680
3	57130
4	859161
5	56890
5	56910
6	54200
6	54210
6	54530
7	54680
7	54690
7	54700
7	54710
8	54650
9	54600
9	54605
9	54610
9	54620
9	54640
9	54660
10	54400
10	54440
10	54470
10	54480
11	57820
11	57840
11	57850
11	57860
12	400993
12	55540
12	55570
12	55930
12	55940
12	55950
12	55960
12	55980
12	55990
12	56000
12	56040
12	56050
12	56060
12	56070
12	850457
12	131850
13	55510
13	d1733
13	d1662
13	d1759
13	d1701
13	dm2309
13	dm7730
13	d1728
13	dm6057
13	d1765
13	d1767
13	55620
13	55650
13	500131
13	850461
13	856233
13	55720
13	55730
13	55740
13	55750
13	55770
13	55780
13	855029
13	55800
13	851819
13	500647
13	500134
13	501072
13	55860
13	55830
13	55840
13	55850
13	55880
13	860410
13	850952
13	55890
13	55910
13	56380
13	56430
13	56450
13	600537
13	856575
13	860418
13	55640
13	55660
13	55550
13	867725
13	56180
13	55590
13	867722
13	55630
13	500800
13	82770
13	131810
13	131820
13	103690
13	d3794
13	d3793
13	dm7656
13	d3796
13	dm1127
13	873152
13	857658
14	55620
14	55650
15	55720
15	55730
15	55740
15	55750
15	55760
15	55770
15	55780
15	55800
16	55910
17	55920
18	57670
19	56380
20	56270
20	56280
20	56290
21	56430
21	56440
22	600644
23	56320
24	56610
25	56580
26	850475
26	56520
27	56570
28	56530
29	57430
30	57210
31	57560
32	57470
33	58130
33	58140
33	58150
33	58170
33	dm1112
33	d1833
33	d1834
33	d1836
33	d1832
33	dm1190
33	58320
33	861039
34	52790
34	55150
34	55320
35	54290
35	54300
35	54310
35	54380
35	54390
35	54460
35	54500
35	54510
35	860355
35	867716
36	54320
36	54330
36	54350
36	856572
36	856573
36	873149
37	52820
37	52830
37	52840
37	53020
37	850437
38	52850
38	58090
39	53430
39	53450
39	53470
39	53480
39	600644
40	53420
40	53430
40	53450
40	53470
40	53480
40	600644
41	53410
42	850444
43	52960
44	53510
44	53530
44	850447
45	53920
46	53800
46	53810
46	53820
46	53830
46	53840
46	53850
46	53860
46	53870
46	53890
46	53930
46	53940
47	53700
47	53720
47	53750
47	53760
48	53600
48	53610
48	53650
48	850451
49	54840
49	54870
50	59600
51	54990
51	55000
51	55040
52	177840
52	177870
53	177590
54	177830
55	851711
55	96700
55	550028
55	400126
55	400124
56	179420
56	179430
56	179440
56	179460
56	179520
56	179530
56	179580
56	179590
56	550065
57	178360
58	178970
58	179020
59	184150
59	184170
59	184210
60	183120
61	149780
61	149790
61	178750
61	178760
61	178800
61	178810
61	178830
61	178840
62	184280
62	150730
63	184370
63	184390
63	184400
64	172560
65	183170
65	183350
66	183190
66	183270
66	183290
66	183310
66	183320
66	183330
66	450152
67	600464
68	d7768
69	179030
70	180970
70	550234
71	183460
71	183510
71	183520
71	183530
71	183540
71	183580
71	450303
71	852567
71	183430
71	183440
72	d7831
73	180130
73	180140
74	150940
74	150950
74	185810
75	185160
75	600474
75	650046
75	184860
75	184870
75	850133
75	184530
75	184540
75	184550
75	184560
75	184570
75	184610
75	184730
75	184900
75	184910
75	184920
75	184990
75	185000
75	185010
75	185030
75	185060
76	186250
77	181250
77	181260
78	173720
78	173710
79	181080
79	181100
79	181110
80	181080
80	877868
80	181070
81	180690
81	550232
81	180700
81	180770
81	180780
81	180880
81	180800
81	180820
81	180830
81	71380
82	184960
83	181340
84	182830
84	182890
84	182920
85	180440
85	180450
86	149730
87	177910
87	177920
87	178000
87	178100
87	178120
87	400078
87	600406
88	182440
88	182320
88	182330
89	181510
89	181770
89	181780
89	181860
89	400687
89	400952
89	856599
90	182300
90	871040
90	182290
91	182120
91	182130
92	182150
93	182160
93	182170
94	853903
95	182250
95	182260
96	182540
97	182500
97	182510
98	182480
98	182490
99	182610
99	182620
99	182650
99	182660
99	182670
99	182680
100	182760
100	182770
101	10050
101	10060
101	63710
102	852311
102	d2201
103	64290
104	64220
105	64240
105	64260
106	63970
106	d4480
106	d4485
106	dm7844
106	dm7970
106	dm5261
106	63990
106	63980
106	69350
106	69360
106	133780
106	133790
106	133800
106	133820
106	133830
106	857661
106	857662
106	852044
106	137390
106	d5512
106	116710
106	97050
106	133840
106	133920
106	877838
107	63890
107	63900
107	63910
108	64050
109	64040
110	64130
111	63420
111	63460
111	63480
111	63490
111	63500
111	63510
111	63520
111	63530
111	63540
111	63550
111	63570
111	63630
112	63760
113	166950
113	166960
113	167050
113	167060
113	167070
114	166970
114	d6313
114	d6766
114	166990
116	166900
117	d6713
117	168780
118	168210
118	168230
118	860910
118	d6920
119	167750
119	167760
119	167800
120	164780
121	167160
122	167210
122	167370
122	167380
123	147230
123	147240
123	167540
123	167550
123	167560
123	167570
123	167580
123	167600
123	167610
123	600572
123	856747
124	167700
125	184480
126	167400
126	167410
126	167460
126	167490
126	167440
126	d6806
126	167700
127	167670
128	167730
128	167740
129	167810
130	167840
131	167830
132	167980
132	167990
132	168000
132	168010
132	168020
132	168030
132	168070
132	168080
132	168090
132	168120
132	550075
132	854571
132	d6867
132	d6869
132	d6868
132	d6872
132	d6873
132	168040
132	168050
132	168150
132	853430
132	851090
132	168100
132	168170
132	77220
132	77230
132	147320
132	147310
132	856972
132	d6916
133	167980
133	167990
133	168000
133	168010
133	168020
133	168030
133	168070
133	168080
133	168090
133	168120
133	550075
133	854571
133	d6867
133	d6869
133	d6868
133	d6872
133	d6873
133	168040
133	168050
133	168150
133	853430
133	851090
133	168100
133	168170
133	77220
133	77230
133	147320
133	147310
133	856972
133	d6916
134	147300
134	167880
134	167900
134	167920
134	167950
134	873837
134	147301
134	873838
134	147302
134	147303
134	873840
134	147304
134	873841
134	147305
134	147306
135	167860
136	852966
137	161670
138	168670
138	168290
139	168250
139	168260
139	168330
140	168690
141	168610
142	d6946
142	d6470
143	863456
144	863681
145	166790
146	166110
146	166130
146	166210
146	166220
146	166250
146	166260
146	166270
146	166280
147	166020
148	166140
148	166210
148	166290
148	166300
149	166050
149	166110
149	166190
150	166380
151	166420
152	166490
153	166570
154	97760
154	97780
154	97950
154	97970
155	97770
156	101880
157	140250
157	140260
157	140540
157	140550
157	140560
157	102730
157	102790
157	102320
158	112980
158	114450
159	121200
159	121210
160	114460
160	114470
160	114480
160	114530
160	114550
160	114990
160	115000
161	114460
161	114470
161	114480
161	114550
161	115000
162	112980
162	112990
162	113000
162	114450
162	852398
162	874154
163	114460
163	114470
163	114480
163	114490
163	114540
163	114550
163	115000
164	122070
164	122080
164	122090
164	122100
164	122110
164	122120
164	d4678
164	d4683
164	d4684
164	d4686
164	d2671
164	74690
164	867980
164	dm6955
165	98010
166	98020
166	98060
166	98110
167	98120
168	98200
169	851405
170	98110
170	98020
171	115430
171	115570
172	98220
173	103720
174	115700
174	859942
175	103740
175	103750
175	103760
175	103780
175	103790
175	103850
175	103900
175	103910
175	103920
175	103810
176	113860
176	115800
176	d4754
177	99600
177	99620
178	112170
178	d1777
178	d1778
178	858853
178	858715
178	56990
178	56970
178	858626
178	858694
178	850566
178	858498
178	56980
178	112180
178	101790
179	112160
179	112300
179	112301
179	112330
179	112350
179	112410
179	112420
179	112430
179	112440
179	112450
179	112460
179	112520
179	112710
179	112730
179	112740
179	859467
180	112400
180	112660
181	112700
182	124990
183	124950
183	d4923
183	dm1320
183	dm7853
183	124890
184	116600
184	116760
184	116761
184	dm208
184	d4484
184	d4493
184	dm3931
184	400128
184	400129
184	116770
184	400127
184	116800
184	858264
184	856170
184	116840
184	116810
184	d4756
184	d5982
184	d5986
184	dm858
184	d5987
185	104340
185	104360
185	104370
185	104380
185	104390
185	65150
186	116630
186	116640
186	116650
187	116630
187	116640
187	116650
188	109250
189	114220
189	852962
190	120530
191	120510
192	869165
193	110770
193	110800
193	110810
193	110850
193	110860
193	110870
194	124730
194	124740
194	124760
194	124790
194	124850
194	856568
194	858266
194	143700
194	857717
194	d4909
194	d4913
194	dm2770
194	d5582
194	dm4290
195	110660
195	110661
195	110680
195	110690
195	110700
195	110710
195	110720
195	162370
195	500345
196	85630
196	98470
196	98480
196	98500
197	97670
197	98750
198	104650
198	105210
198	105240
198	105250
198	105300
199	104700
199	104750
199	104780
199	104790
199	105230
199	105330
199	105350
199	105360
199	105380
199	105480
199	105490
199	105500
199	450166
199	500232
199	79590
200	104710
200	104720
200	104730
201	105320
202	450114
203	104630
204	117290
204	117300
204	117310
204	117320
204	117330
204	117420
204	860850
204	117280
204	858277
204	858276
204	117380
204	117390
204	117410
204	858275
206	105840
207	106750
208	154360
208	154370
208	154380
208	154430
208	154460
208	154660
208	154680
208	154850
208	154860
208	154880
208	154890
208	154900
208	154910
208	154920
209	117200
209	117220
209	117240
210	105670
210	105700
210	105720
210	105730
210	105750
210	105780
211	123010
211	123030
212	105070
213	105050
213	105100
213	105110
213	105340
213	dm2583
214	116990
215	98560
215	98570
215	98700
215	98710
216	105890
216	105940
216	106310
216	872150
217	123110
218	106020
219	140780
219	140790
219	140800
219	140810
219	140820
219	105900
219	106000
219	853138
220	105960
220	106320
221	105870
221	105880
221	106040
221	106340
221	106420
222	106050
222	106060
222	106070
223	123130
223	123160
223	123170
223	123230
223	123240
223	123290
223	123300
224	123250
224	123270
224	123280
225	123110
226	119420
226	119430
226	119450
226	119460
226	119490
226	119500
227	119430
228	106920
229	107110
229	107120
229	107130
229	107140
229	107180
229	107190
229	107200
229	107250
229	856846
229	d4145
229	dm6461
229	107150
229	107160
229	107170
229	107050
229	107240
229	107210
229	107220
229	107040
229	107300
229	854751
229	856847
229	853605
229	856848
229	107310
229	853606
229	74120
229	855703
229	dm3036
229	d3847
229	d3865
229	107260
229	dm4874
229	d4258
229	dm460
229	880187
230	123480
230	123500
230	123510
231	118040
231	118050
231	118070
231	118110
231	118230
232	123550
232	123560
232	118160
232	118170
233	118280
234	98810
235	123700
235	123720
235	123710
236	123110
237	117850
238	117860
238	117870
239	107070
239	107090
239	110300
240	118320
240	118330
240	118340
240	118350
240	118360
240	118490
241	118390
241	118400
242	118370
242	118380
243	118400
243	d4588
243	dm1203
243	d1089
243	118390
243	d3556
244	118410
245	118720
246	118730
247	107380
248	98240
248	98270
249	856808
249	104000
250	116230
250	116240
250	116270
250	116280
250	116300
250	70024
251	120160
251	120150
252	116430
252	116440
252	116450
252	116510
252	116520
255	122880
256	110540
256	110550
256	110560
256	110570
256	110590
256	110600
257	110440
258	99060
258	99070
258	99160
258	d3837
258	d3774
258	879698
259	400090
260	400109
260	856925
260	99050
260	98990
260	85750
260	dm7689
260	98920
260	d3772
260	d4005
260	d4009
260	99020
260	856208
260	d3831
260	140180
260	851901
260	d5441
260	d5442
260	d5444
260	dm8091
260	140160
261	d2589
261	99010
261	73210
261	73220
261	73240
261	73250
261	73160
262	140980
262	107720
262	108340
263	109180
264	108360
264	108390
264	109010
265	107510
265	107520
265	107521
265	107529
265	107530
265	107600
265	107630
265	107650
265	107680
265	108300
265	108310
265	108330
265	108440
265	108470
265	108480
265	108490
265	108990
265	400090
265	400091
265	400092
265	400093
266	107720
266	108340
267	108370
268	107510
268	107600
268	107760
268	107520
268	107521
268	107529
268	107530
268	107630
268	107650
268	107680
268	108300
268	108310
268	108330
268	108440
268	108470
268	108480
268	108490
268	108990
268	400090
268	400091
268	400092
268	400093
269	108410
270	99020
271	108400
272	852039
272	107500
272	400034
272	850587
273	119610
274	119870
275	114140
275	114150
276	120420
276	120430
276	120440
276	120450
276	119610
277	119590
277	400036
277	80012
277	850795
278	120010
278	600211
279	119570
279	d4802
279	d4850
279	d4724
279	dm5544
280	124480
280	124490
280	124500
280	124510
280	124520
280	124530
280	124540
280	854539
280	858312
280	143690
280	d4870
281	123910
281	123930
281	123940
281	123950
281	124220
281	124240
281	124420
281	124430
281	850794
282	113800
283	124440
283	116300
284	120500
285	d4584
286	99170
287	120180
288	120140
288	120150
288	120160
288	120170
288	120190
288	120200
288	120210
288	120320
289	120140
290	109120
290	109150
290	109160
291	109110
292	120400
293	d4240
293	dm1411
293	d4256
294	120460
294	120470
294	d4580
294	d4577
294	d4672
294	874349
296	119630
297	120490
298	109370
298	858423
298	d4264
298	74140
298	74160
299	109340
299	109620
299	109630
299	109640
299	109660
299	109750
299	109760
299	109770
299	109790
299	109800
299	856479
299	109420
299	109410
299	109670
299	68730
299	110180
299	d4266
299	d4265
299	d4270
299	dm7809
299	dm7526
299	141040
299	109390
299	109400
299	109430
299	109680
299	855743
299	855744
299	d4267
299	dm7815
299	dm887
300	124600
300	124610
300	124640
300	400267
301	860396
302	121160
303	120790
303	120791
303	120880
303	650004
304	110020
304	110030
304	110040
304	110090
304	600346
305	110160
306	109550
307	112040
308	121300
308	121910
308	450153
309	121610
310	124910
310	124920
311	122080
311	122090
311	122100
311	122110
312	111750
312	111740
313	111600
313	111620
313	111640
313	111750
313	500195
314	121690
314	121710
314	121720
314	121730
314	121740
314	121750
314	121760
314	121780
314	121790
314	121820
314	121830
314	121840
314	150290
314	150350
314	850597
315	121920
317	111230
317	111300
317	111400
317	500193
317	111250
317	500212
317	111290
317	111310
317	111320
317	111550
317	111350
317	111360
317	111370
317	111380
317	111390
317	111210
317	111220
317	400524
318	111790
318	111800
318	111810
318	111820
318	111850
318	111860
318	600012
318	111830
318	111840
318	111880
318	111910
318	600478
319	121870
320	100110
320	100120
320	100130
320	100140
320	100660
321	112140
321	112150
321	868553
322	100310
322	100320
322	100350
322	100360
322	100380
322	101090
322	101130
322	101140
323	111070
323	111080
324	100720
324	100790
324	101050
325	103020
325	103030
325	103040
325	103050
325	103060
325	103080
325	103090
325	103110
325	500417
325	500613
325	855867
326	100690
326	100700
326	100770
326	101060
327	101060
327	101080
328	100280
329	114460
330	113500
330	113720
331	113220
331	113690
331	113730
332	113110
333	113800
334	113190
334	113230
334	113760
335	113100
336	113180
337	114240
338	122230
338	122280
339	98060
340	550085
340	97580
340	97610
341	103350
341	850109
342	101770
342	101780
342	101800
342	101810
343	114380
343	114400
344	101610
345	97640
346	101300
346	101310
346	101330
347	110340
348	122600
348	858929
349	852173
350	100430
351	101680
351	101690
351	101710
352	114370
353	97740
354	550026
354	97500
355	113560
355	113570
355	113590
356	101950
356	859149
357	600592
358	114610
358	114670
358	114740
358	114750
358	114760
358	114770
358	114790
358	114820
358	114840
358	114850
358	850114
358	858231
358	858234
358	858247
358	d4428
358	dm699
358	114620
358	114870
358	141800
358	141830
358	75700
358	500244
358	114860
358	114810
359	122440
359	122450
359	122460
359	122470
359	122480
359	858236
359	858237
359	122510
359	858245
359	122490
359	855503
359	122500
359	122520
360	101400
360	101420
360	101440
360	101460
360	853529
360	856778
360	101490
360	d4064
360	dm475
361	122800
361	122810
361	122830
362	600161
362	d4437
362	d4402
362	dm6272
362	dm2987
362	dm5705
363	20030
363	d297
364	22270
365	23360
365	23430
365	23640
366	23290
367	23830
368	33840
369	22520
369	24530
369	500729
369	d400
370	24560
370	24620
370	850571
371	32730
371	32740
371	850005
372	30160
372	30170
372	30180
373	30410
373	30480
374	30260
374	30270
374	30280
374	30290
374	850149
374	850287
374	855874
375	30860
376	116870
376	116880
376	116910
376	116920
376	117000
376	117020
376	117050
376	117060
376	117080
376	117160
376	117170
376	117180
376	117190
376	30860
376	30900
376	856171
376	857060
376	857242
376	858267
376	30870
376	500449
376	dm1238
376	400986
376	d4508
376	117070
376	868634
376	858271
376	d4762
376	d4661
376	d1086
376	40630
376	40640
376	d4499
376	dm1390
376	dm7630
376	dm6915
376	dm2113
376	858766
376	d5516
376	135600
376	869282
376	d5579
376	868637
378	106090
380	21930
380	851687
380	21310
381	32610
381	32620
382	67770
383	24700
384	67780
385	24640
385	25120
385	25121
385	25130
385	25140
385	25960
385	400138
386	73300
387	26150
387	26151
387	26160
387	26180
387	26190
387	26210
387	26220
387	500176
388	26030
388	26040
388	26050
388	26090
388	26100
388	26230
388	26280
388	26290
388	26310
388	500080
388	26060
389	26440
390	26450
391	26700
391	d529
392	80800
393	26710
393	26870
393	26890
393	27040
393	27090
393	27100
393	860234
393	861712
393	d570
393	26900
393	27050
393	27060
393	500735
393	500736
393	450200
393	d403
393	dm21
393	874109
394	26630
394	26860
394	26890
395	22570
395	22840
396	23770
397	27180
397	27190
397	27230
398	27260
398	860701
398	dm222
399	27710
399	27730
399	27700
400	27940
401	27420
401	27440
402	67810
402	64430
403	27490
404	26750
404	26860
404	26890
404	27480
404	27500
404	857165
404	854705
404	26620
404	857167
404	d571
404	866441
404	dm698
404	95270
404	d3037
404	d3675
405	27520
406	27310
406	27320
406	27330
406	27360
406	27350
406	852341
406	27370
406	400974
406	d579
407	27880
407	27890
407	27900
407	27910
407	27950
407	27920
407	d1009
407	38960
407	860384
408	27570
409	27540
409	27560
410	26780
411	24070
411	24110
411	24120
411	24330
411	24340
411	857173
411	859124
411	24080
411	856683
411	855599
411	d453
411	dm2790
411	d454
411	d455
411	d465
411	dm4454
411	866357
411	128130
411	854525
411	97121
411	128140
411	853310
411	128160
411	858645
411	d5012
411	854810
411	dm2768
411	133110
412	24480
413	24430
414	24250
415	32220
416	28550
416	29580
416	29590
416	29600
416	29610
416	29630
416	29640
416	500286
416	850272
416	851809
416	852348
416	853690
416	859223
416	500289
416	500413
416	28590
416	28600
416	28610
416	29620
416	852806
416	28220
416	400112
416	600080
416	851810
416	853918
416	d593
416	dm473
416	d592
416	dm1548
416	28130
416	28560
416	29540
416	29570
416	401153
416	401154
416	29950
416	d320
416	dm146
416	dm603
416	d306
416	d305
416	d304
416	dm409
416	dm7825
416	d3342
416	dm16
417	28150
417	28500
417	28510
417	28570
417	853686
418	28220
418	29630
418	28550
418	28580
418	28590
418	29580
418	29590
418	29600
418	29610
418	29640
418	400112
418	500286
418	850272
419	28250
419	28290
419	28300
419	29550
420	29740
420	29750
420	29810
420	450472
421	29850
422	30080
422	30090
423	31040
423	31050
423	31100
423	31160
423	31320
424	31240
425	31330
425	31340
426	31360
427	31130
427	31140
427	850804
427	850805
427	851437
427	851442
427	855157
427	852270
427	d1096
428	31730
429	32830
430	32820
431	33410
432	33120
432	33210
433	33370
434	22030
434	23140
434	23150
434	550302
435	21970
435	21980
435	855612
435	855041
435	22340
435	d385
436	23220
436	23240
437	851852
437	852038
437	22650
437	22850
438	22930
438	22940
438	22970
439	22980
440	22230
441	22380
441	22390
441	22400
441	22410
441	22420
441	22430
441	22460
441	44160
441	44210
442	21420
443	31210
443	31240
444	20360
445	20090
446	20570
446	20580
446	20590
446	20600
446	20670
446	20680
447	20520
447	dm1350
447	d755
447	d753
448	21120
448	21190
449	251
449	198
449	215
449	216
450	20990
451	20770
451	857080
452	20830
453	20900
453	20910
454	21530
454	21550
454	21560
454	850185
455	21710
455	864191
456	21810
456	21820
457	21740
458	21770
459	162830
459	163760
459	400645
459	853029
459	d6500
459	d6503
459	d6525
459	163840
459	500393
459	855087
459	870767
460	163990
460	163970
460	d6781
461	164110
461	164120
461	164170
462	164220
462	164230
463	165180
463	500307
463	854569
463	165190
463	165200
464	165620
464	165670
464	165680
464	165710
465	146770
465	146780
465	146790
465	146800
465	164320
465	164330
465	164560
465	401218
465	164420
465	850767
466	164780
467	164800
468	164760
469	164020
469	164030
470	165140
471	165160
472	165060
473	165030
473	165080
473	dm252
474	165430
474	165450
475	165520
475	165530
475	165550
476	165810
476	165840
476	165850
477	d6957
477	d6665
478	165730
478	165880
478	165890
478	165900
478	165910
478	169320
478	d3290
478	600036
478	89440
478	75930
478	138490
479	163690
480	163720
481	162930
481	162950
481	500667
481	851433
482	163520
482	163530
482	163540
482	163560
483	163330
483	163340
483	163360
483	163410
483	163420
483	163430
483	163440
483	163470
483	163510
484	163370
485	163620
485	856212
485	d6514
486	d724
486	d725
486	163680
486	166590
487	93970
488	94720
488	94730
488	94740
488	94810
488	94820
488	94830
489	78030
489	78140
489	78150
489	78160
489	78210
490	78360
490	78610
491	73400
491	73500
491	74010
492	73320
492	73330
493	73810
493	850371
494	73290
494	73490
494	73810
494	850371
494	854514
494	857350
494	857351
494	73310
494	73300
494	73940
494	d2596
494	d111
494	d2598
494	d2634
494	d525
494	26400
494	852439
494	26410
494	857156
494	d2343
494	d2597
494	dm4833
494	dm6517
494	dm7650
494	dm7649
494	73340
494	73400
494	73970
494	852598
494	73820
494	73870
494	73470
494	860404
494	74000
494	73530
494	135510
495	73560
495	73561
495	73570
495	73580
496	74370
497	73010
498	74690
499	73130
500	450266
501	67920
501	68250
502	76880
502	77020
502	77030
502	858560
502	76800
502	76830
502	76920
502	76820
502	863028
502	76930
502	d2725
502	dm631
502	d2723
502	76660
503	76870
504	77100
505	77140
506	860448
507	69580
508	69780
508	70230
508	70550
509	69890
510	69820
510	69940
511	135080
511	135100
511	135110
511	135120
511	135230
511	135330
511	70420
511	70430
511	70440
511	70560
511	69570
511	69590
511	69600
511	69760
511	69850
511	69810
511	70220
511	69620
512	71720
513	69560
513	69570
514	68400
515	70710
516	70160
516	70310
516	70330
517	70920
518	400110
518	400111
518	71080
518	71110
518	71160
518	71170
518	71230
518	71240
519	70770
519	68790
520	70810
521	71400
522	70350
522	70360
522	70370
522	70380
523	d2720
523	dm7744
524	71820
524	71840
524	72540
525	72060
525	73040
526	400005
526	550321
526	72460
526	72470
526	72480
526	72650
527	71820
527	71840
527	72540
527	71880
527	71900
527	853866
527	71860
527	72040
527	72090
527	72120
528	72800
529	72830
530	74750
530	74770
530	74850
530	74950
530	75020
530	75050
530	75060
530	75070
530	75080
531	74780
531	74970
531	75050
531	75090
532	650045
532	76210
532	76220
533	76610
534	76630
535	75590
535	75600
536	400345
536	600594
536	76300
536	76310
536	76320
536	76330
536	76360
536	76370
536	76380
537	77640
537	77650
538	77490
539	77310
540	400854
540	77420
541	77710
542	135900
542	135940
542	135950
542	77640
542	77650
542	77660
542	77670
542	77700
542	77760
542	77770
543	67870
543	69000
543	69200
543	69220
544	69040
545	68520
546	66870
547	66150
547	66410
547	66830
547	66940
548	66370
548	66380
548	66390
548	66420
549	66870
550	67240
551	67280
552	67450
553	67630
553	67680
554	500218
554	66460
554	66470
554	66480
554	66620
554	500312
554	66660
555	66550
556	400647
556	550018
556	850792
556	850793
556	89760
556	89850
556	89890
556	400991
556	78870
556	78900
556	78980
556	79800
556	80720
557	90040
558	67910
558	77960
559	450654
559	81670
559	81680
559	81690
559	81710
559	82540
559	82710
560	81920
560	82500
560	82530
561	81650
561	81740
561	81860
561	81870
561	81910
561	82560
561	82700
562	81660
562	81750
563	82730
564	82850
564	82860
564	82870
564	82890
564	82910
564	82920
564	d3137
564	d3142
564	82880
565	82810
566	82430
566	82460
566	82470
567	90960
568	850683
568	90880
568	90890
568	90900
568	91020
569	91640
569	91680
570	90810
571	90100
572	500020
572	850399
572	91400
572	91410
572	91420
572	91450
572	91470
573	83290
573	83420
573	855709
574	83390
575	83260
575	83300
575	83380
575	83420
575	855709
575	857437
575	27380
575	27400
575	83250
575	83350
575	857440
575	83360
575	83430
575	83450
575	dm240
575	d3155
575	d3055
575	dm4801
575	855995
575	857673
575	137270
575	137280
575	137340
575	868085
575	83290
575	83310
576	400458
576	400467
576	400468
576	550034
576	550123
576	83470
576	83480
576	83500
576	83510
576	83520
576	83530
576	83660
576	83680
576	83740
576	83770
576	83920
577	89720
577	857452
578	89580
579	85660
579	85210
580	85290
581	85370
581	85420
582	86600
583	81400
583	81410
584	86210
584	86260
584	86320
585	86140
585	86150
586	79030
587	89200
587	89240
588	84220
589	84560
590	84910
591	84860
592	84620
592	84660
592	84690
593	89070
594	85040
595	59540
596	851517
596	59741
597	58710
597	d1838
597	859338
597	855565
597	170860
597	170861
597	170870
597	170880
597	170900
597	170920
597	170930
597	170940
597	170960
597	171450
597	171460
597	171470
597	171480
597	450189
597	550180
597	600413
598	59500
599	58650
599	58660
600	59440
600	58280
600	58160
601	63170
601	63250
601	63270
601	63280
601	63290
602	63100
602	63120
602	858692
602	d2187
602	63110
602	63130
602	63140
602	63160
603	62730
603	62760
603	62770
604	62730
604	62760
604	62770
605	61470
605	61480
605	61490
605	61510
605	61520
605	61550
605	61570
605	859978
606	61400
606	61620
606	61630
607	61370
608	61890
609	61930
609	61950
609	61900
609	61920
609	61940
609	62080
610	61730
611	61760
611	61770
611	61780
611	61790
612	61730
613	62340
613	62350
613	62360
613	62860
613	851448
613	d2172
613	62690
613	860385
614	60020
615	60030
615	d1977
616	60130
616	60140
616	d1983
617	60130
617	60140
618	59960
618	59970
618	59980
619	62720
620	60310
621	60270
621	60280
621	60310
621	60920
621	60930
621	61150
621	61160
621	857528
621	860218
621	867782
621	450627
621	550304
621	60220
621	60260
621	60940
621	60950
621	61040
621	500375
621	501005
621	61010
621	61140
621	61170
621	857530
621	60300
621	60320
621	60330
621	60340
621	863195
621	853874
621	401169
621	60990
621	859428
621	60980
621	61020
621	61130
621	61180
621	61220
621	d1985
621	d2083
621	d2078
621	d1989
621	dm3313
621	d2085
621	dm6959
621	83150
621	83140
621	854652
621	83160
621	83170
621	500571
621	500251
621	83110
621	132930
622	60300
623	60240
623	60970
624	61290
624	61300
624	61320
624	d2105
624	d2106
625	61240
625	61250
626	61320
626	61300
627	61260
628	61290
628	61300
629	59720
629	401147
630	62120
630	62130
630	62160
630	62170
630	62180
630	62190
630	857535
631	550381
631	62450
631	62460
631	62490
632	62340
632	62350
632	62360
633	62220
633	62230
634	62240
635	62610
635	62620
636	550117
636	62280
636	62290
636	857536
637	62890
638	63000
639	63010
639	d2141
639	63020
639	133160
639	133170
640	62900
640	62910
641	59050
642	58780
642	59010
642	59040
642	59070
643	550021
643	58760
643	58770
643	59000
643	600309
644	59430
644	59440
645	59200
645	856006
645	856425
646	59190
647	59300
647	59310
647	59330
647	59340
647	59350
647	59390
648	59610
649	159670
650	160050
650	160060
650	160080
650	160090
651	160130
652	160250
652	160260
652	160270
652	160310
652	160320
652	160330
652	160340
652	160350
652	160360
652	160400
652	160410
652	852405
652	854352
652	854563
652	854779
652	860401
652	160280
652	858648
652	859947
652	160380
652	146110
652	d6305
652	d6303
652	d6304
652	d6307
652	d6306
652	dm522
652	d6310
653	160230
654	89190
654	162470
655	162410
655	162420
655	162530
655	855557
655	857587
655	861184
655	dm7470
655	d8207
655	d6477
655	d6487
655	d6475
655	162430
655	162500
655	860726
655	162560
655	32390
655	855558
655	869948
655	146300
655	146310
655	857675
655	857678
655	857588
655	162480
655	d6482
656	162420
656	162430
656	162440
656	162530
656	162550
656	852092
656	146280
656	146290
656	857677
656	146340
656	146330
656	146360
656	d6485
656	dm873
656	d7868
656	d5633
656	d6489
656	859424
656	162660
656	dm3631
657	162490
658	162440
658	162530
658	162550
658	162540
659	32390
659	855558
659	162420
659	162430
659	162500
659	855557
659	861184
660	162690
661	162700
662	162580
662	162600
663	600590
664	160470
664	160480
664	160500
664	160510
664	160490
664	146120
664	d6326
664	858489
664	878942
665	162150
665	162070
666	162070
666	162080
666	600384
666	d6255
666	162150
666	162160
668	159720
668	159730
668	159760
669	160850
670	160800
670	160810
671	160570
671	160580
671	160590
671	160660
671	854564
671	857592
671	857657
671	d6330
671	dm2311
671	dm348
671	d6331
671	dm7946
671	dm777
671	d6327
671	160540
671	160550
671	160650
671	856214
671	160600
671	160560
671	160630
671	160640
671	856014
671	870263
671	160700
671	160710
671	160720
671	853627
671	160750
671	160760
671	d6789
672	160540
672	160550
673	160640
674	160630
675	161170
675	161180
675	161190
676	160970
676	160990
676	161040
676	600621
676	852594
677	160890
677	160900
677	160940
677	160950
677	161020
677	161030
677	161060
677	161070
677	161150
677	161160
677	550122
678	160980
678	161210
678	161280
678	161300
678	450507
679	161450
679	161460
679	161500
680	161330
680	161340
681	161520
681	161530
681	161540
682	160470
682	160510
682	160500
683	161430
684	161440
685	163910
685	d6379
686	162320
686	162330
687	159160
687	158980
688	162000
689	161650
689	161660
690	161710
691	165090
692	161890
692	161920
693	161740
694	d6399
695	161790
695	161850
695	161860
696	161770
696	161830
697	161780
698	161810
698	161820
698	161840
699	161940
699	161950
699	161960
699	161980
700	d6408
700	dm7953
701	161670
701	161680
702	162200
703	161940
703	161960
704	159990
705	158990
705	159010
705	159020
705	159110
705	159130
705	159160
705	400393
705	400459
705	159170
706	159240
706	159250
706	159260
707	863035
708	159410
708	159440
708	159450
709	159420
709	858208
709	858209
710	159400
711	159380
711	d6418
711	dm1311
711	d6613
712	162030
713	159200
713	159210
714	159800
714	159810
714	159830
714	159840
714	159850
714	159910
714	159930
715	159920
716	400030
716	400084
716	400086
716	400088
716	91900
716	91901
716	91902
716	91903
716	91904
716	91907
716	91908
716	91909
716	91910
717	96600
717	97130
718	96610
718	96620
718	96660
719	93850
719	93840
720	854724
720	96630
720	96610
720	96620
720	96720
720	857617
720	d3605
720	d3601
720	dm6631
720	139920
720	139910
720	139930
720	869354
720	857681
720	875723
720	139960
720	dm1042
720	dm4267
720	d5420
721	96510
722	85370
722	85380
722	85420
722	d3210
722	d3215
722	d3750
722	d3214
722	85200
722	855984
722	859452
722	85390
722	850633
722	85220
722	85240
722	85250
722	85260
722	85280
722	85290
722	851255
722	851516
722	851256
722	70850
723	95890
723	95910
723	d3557
723	d3558
723	855716
723	95930
723	868307
724	95820
725	95890
725	95910
725	d3557
725	d3558
725	855716
725	95930
725	868307
726	852475
726	95620
726	95630
726	95640
726	95650
726	95670
726	95680
726	95790
726	95800
726	95900
727	95420
728	95500
729	96440
729	96450
730	94160
731	94180
731	94200
731	94220
731	94230
732	854523
732	857627
732	94240
732	94250
732	94260
732	94270
732	94280
732	94290
732	94300
732	94310
732	94320
732	94400
733	854523
733	857627
733	dm4629
733	94240
733	94250
733	94260
733	857626
733	94280
733	94290
733	94300
733	94310
733	94320
733	94330
733	94340
733	94420
733	854764
733	856017
733	501058
733	94430
733	868286
733	94440
733	856018
733	94350
733	94360
733	94400
733	94410
733	94490
733	94270
734	450402
734	853446
734	856019
734	856020
734	d3491
734	d3508
734	94530
734	94550
734	94540
734	94560
734	94570
735	94700
736	93650
736	93660
737	94920
737	95020
738	96290
738	96330
738	96340
738	96350
739	95300
739	95350
740	96130
740	95940
741	500787
741	96010
741	96011
741	96070
741	96120
741	96150
741	856024
741	d3569
742	852848
742	95940
742	95950
742	500430
742	96110
742	96130
742	95960
742	96040
742	96060
742	d3561
742	d3567
742	d3573
742	d3575
742	dm7857
742	d3562
742	d3579
742	d3565
742	139720
742	139700
742	96020
743	852848
743	95940
743	95950
743	500430
743	96110
743	96130
743	95960
743	96040
743	96060
743	d3561
743	d3567
743	d3573
743	d3575
743	dm7857
743	d3562
743	d3579
743	d3565
743	139720
743	139700
743	96020
744	96270
744	96280
744	96180
744	96210
744	96220
745	851902
745	853689
745	93200
745	93540
745	93600
746	857648
746	93630
747	400633
747	860132
747	d3656
747	d3599
747	d3430
747	d3432
747	93780
747	856257
747	93760
747	93790
747	93800
747	93830
747	93840
747	93770
747	93850
747	857645
747	93860
747	93870
747	93880
747	96710
747	139340
747	851109
747	879341
748	93880
749	93690
750	93720
751	400088
751	92560
752	92640
752	92670
753	93290
754	10090
754	127770
754	129490
754	130830
754	147350
754	10100
754	136190
755	125010
755	125020
755	125040
755	127790
756	125100
757	151010
757	151050
757	152780
758	131080
759	131120
760	131710
761	153250
761	153350
762	153420
762	153480
763	132210
764	131900
764	131910
765	131930
766	131940
766	131970
766	131980
767	131760
768	131770
769	131790
769	136970
770	153520
771	153490
771	153500
772	132260
773	131660
773	132270
774	131210
774	131230
774	131320
774	131330
774	131390
774	131240
775	131200
775	131340
776	131180
776	131280
776	131300
776	131370
777	150110
777	150120
777	857754
777	d5068
777	d5721
777	d5728
777	150140
777	d5713
777	859204
777	d5781
777	869993
777	150130
777	859926
777	150170
777	857755
778	150110
778	150120
778	857754
778	d5068
778	d5721
778	d5728
778	150140
778	d5713
778	859204
778	d5781
778	869993
778	150130
778	859926
778	150170
778	857755
779	145880
779	158520
779	158530
779	158580
779	158600
779	158720
779	158770
779	158780
779	158790
779	158820
779	158830
779	158860
779	158870
779	857753
780	158710
780	158730
780	158850
780	854561
780	d6215
780	d6219
780	dm783
780	d6198
780	d6209
780	d6216
780	d6221
780	dm448
780	dm449
780	158740
780	158750
780	158720
780	158810
780	158660
780	158470
780	158520
780	158530
780	158540
780	158550
780	158590
780	158770
780	158780
780	158820
780	501098
780	158640
780	158650
780	158860
780	857753
780	158600
780	158620
780	158630
780	860727
780	856062
780	32180
780	869177
780	76620
780	d3281
780	88900
780	88910
780	88940
780	450164
780	71390
780	76590
780	860946
780	869159
780	d2713
780	dm6963
780	d2710
780	450163
780	dm1069
780	d6168
780	dm2114
780	dm4852
780	dm5988
780	d6195
780	dm4112
780	d6203
780	158870
780	870107
780	870110
780	158800
780	158940
780	158960
780	879737
781	158470
782	158970
783	76190
783	76200
784	150560
784	150570
784	150590
784	150680
784	150690
784	150700
785	76230
785	150740
785	150820
785	150830
785	150840
785	150860
785	150870
786	133440
787	133400
787	133410
787	133420
787	133480
788	133430
788	133610
788	154030
788	154080
788	859866
789	154070
789	154160
789	154170
790	154280
791	133760
792	133780
792	133790
793	133770
794	157890
795	156890
795	d6132
795	d5906
796	156900
797	155110
798	154890
798	154900
798	154910
798	154920
798	154360
798	154370
798	154380
798	154430
798	154460
798	154660
798	154680
798	154850
798	154860
799	154340
799	154400
799	154450
799	154670
799	450456
799	852485
800	154650
801	154540
801	154550
801	154570
801	154610
802	154710
802	154720
802	154740
802	154750
802	600027
803	136140
804	136210
804	136220
804	136230
804	136260
804	136310
804	136380
804	136400
804	136800
804	136810
804	138540
804	138580
804	138620
804	dm3322
804	d5377
804	dm468
804	138630
804	138560
804	138550
804	138640
804	450241
804	869330
804	75570
804	75560
804	d5343
804	d5365
804	dm1303
804	d5373
804	d5591
804	878681
805	138100
805	138210
806	155680
806	155720
806	155750
806	155860
806	dm1148
806	d6071
806	d6070
806	dm832
806	dm6790
806	155710
806	855039
806	854560
806	155690
806	155700
806	155740
806	155770
806	155810
806	550094
806	155900
806	155780
806	155840
806	155850
806	155870
806	155880
806	155830
806	155920
807	155680
807	155720
807	155760
807	155850
807	155860
807	155870
807	854560
807	dm1148
807	d6071
807	d6070
807	dm832
807	dm6790
807	155710
807	855039
807	155690
807	155700
807	155740
807	155750
807	155770
807	155810
807	550094
807	155900
807	155780
807	155840
807	155880
807	155830
807	155920
808	155780
808	155830
808	155840
808	155900
808	155910
809	155730
809	155880
810	155150
810	155170
810	155180
810	155190
810	155210
810	155220
810	155290
810	155300
810	155310
810	155350
810	155380
810	155450
810	155500
810	155540
810	155930
810	155940
810	155960
810	155970
810	155980
810	857815
810	857822
811	132330
811	132340
811	132480
811	132710
811	132730
811	132760
811	133150
811	860460
812	132440
813	153640
813	153960
813	153970
813	153980
813	852498
813	153690
814	138730
814	138740
814	138770
814	138780
814	138790
814	138800
815	156540
816	156500
816	156510
816	156520
817	153780
817	153790
817	153810
817	153820
817	153840
817	153850
817	153870
817	153880
817	153890
817	169300
817	400546
817	851690
817	855194
817	856427
817	858556
817	858557
817	859274
817	dm2913
817	d5964
817	d5967
817	d5968
817	153830
817	851689
817	550395
817	153910
817	153920
817	860490
817	860381
817	153860
817	153800
817	153900
817	153930
817	153940
817	153950
818	156140
819	146190
819	146210
819	146230
820	138880
820	138890
820	138900
820	138980
820	139040
820	139250
820	139290
821	138950
821	855669
822	156670
822	156730
823	156610
824	156570
824	156820
825	156660
826	156770
827	156850
827	156860
828	139360
828	139370
829	139690
829	128520
829	128530
830	143740
831	157480
831	157530
832	145670
833	157160
833	157170
833	157180
833	157190
833	157200
833	157390
833	853890
833	857942
833	d5942
833	d5945
833	153640
833	d5935
833	dm2192
833	dm7932
833	157210
833	157310
833	854147
833	157320
833	157250
833	157260
833	157280
833	157290
833	861177
833	857946
833	157400
833	157270
834	157160
834	157170
834	157180
834	157190
834	157200
834	157270
834	157390
834	853890
834	857942
834	d5942
834	d5945
834	153640
834	d5935
834	dm2192
834	dm7932
834	157210
834	157310
834	854147
834	157320
834	157250
834	157260
834	157280
834	157290
834	861177
834	857946
834	157400
835	157160
835	157170
835	157180
835	157190
835	157200
835	157270
835	157390
835	853890
835	857942
835	d5942
835	d5945
835	153640
835	d5935
835	dm2192
835	dm7932
835	157210
835	157310
835	854147
835	157320
835	157250
835	157260
835	157280
835	157290
835	861177
835	857946
835	157400
836	157160
836	157230
836	853890
837	129900
837	144770
837	43420
837	43430
837	43460
837	855544
837	43450
837	500606
837	dm688
838	157080
839	148720
840	147760
840	147770
840	147910
840	147890
840	147900
840	148680
840	148970
840	148980
840	148990
840	149040
840	149480
841	158230
841	158270
842	158290
842	158300
843	148240
843	148250
843	148260
843	148270
844	148040
844	148050
844	148060
844	148070
844	148090
844	148140
844	148170
844	550337
845	148720
845	148730
845	148740
845	148840
845	148860
845	d5720
845	d5716
845	d5717
845	148700
845	854555
845	148760
845	148750
845	148770
845	148780
845	148790
845	856090
845	856091
845	858980
845	148910
845	148870
845	501144
845	148810
845	148820
845	148850
845	861024
845	148920
845	d5065
845	147470
845	148650
845	148960
845	d5786
846	129400
846	129450
846	129460
847	129590
847	129610
848	129470
848	129610
848	862909
848	129980
848	876491
849	153090
850	152670
850	152690
850	152720
850	152730
850	152740
850	152890
850	152920
850	153060
850	153070
850	450167
850	600209
851	152670
851	152690
851	152720
851	152730
851	152740
851	152890
851	152920
851	153060
851	153070
851	450167
851	600209
851	152680
851	152700
852	153110
853	153110
854	130630
854	130650
855	153180
856	130360
856	130370
856	130400
856	130410
856	130480
856	600362
856	130430
857	125600
857	125610
857	125620
858	125670
858	dm332
858	d5096
858	d5097
858	d5153
858	125680
858	125980
858	125710
858	125960
858	600052
858	858698
858	865670
858	125890
858	125800
858	127250
858	127260
858	127270
859	125830
859	125840
859	126200
859	126210
859	126440
859	126520
859	126530
860	151300
860	151380
861	151120
861	151130
861	151240
861	600069
862	151340
862	151370
862	151400
862	151560
863	151190
863	151350
863	151410
864	151370
864	151400
864	151560
864	852483
865	857742
866	153600
867	127060
868	151770
868	151790
868	151800
868	151810
868	151820
869	127330
869	857739
870	126840
870	866969
871	151870
872	152060
873	127650
874	158290
874	158300
874	158330
875	151280
875	151330
875	151320
876	152330
877	152280
877	152410
877	152420
877	152430
878	152600
879	129060
880	169970
880	170300
880	170450
880	175090
880	175150
881	170590
882	175140
883	170760
884	170750
885	171740
885	171750
885	171780
885	171790
886	175370
887	173170
888	173370
888	854420
889	173130
889	176790
889	d7675
889	173570
890	173110
890	173120
890	173150
890	173160
890	173190
890	173200
890	859951
890	d7424
890	173170
890	dm8089
890	d7433
890	dm7892
891	173110
891	173120
891	173150
891	173160
891	173190
891	859951
892	850081
892	173370
892	d7442
892	173380
892	854420
892	d7430
892	dm8050
893	176520
893	176530
894	169640
894	173210
895	172980
895	172990
896	173090
897	176450
898	d7555
898	dm3206
898	d7558
898	dm5463
899	173680
899	851306
899	860291
899	173690
899	858012
899	148550
899	d7487
899	d7472
899	dm7987
899	dm921
899	173700
899	d7501
900	173680
901	173710
901	173720
902	173610
902	173620
902	173660
902	dm3288
902	d7476
902	173650
902	858010
903	172250
903	172260
903	171980
903	171990
903	172000
903	172010
904	175530
905	172060
905	172150
905	172160
905	172180
905	172200
905	172210
906	175460
907	175840
907	550066
908	175740
909	175660
909	175750
909	175760
909	175810
909	175820
909	175830
909	175840
909	175850
909	175860
909	401002
909	550066
909	858936
909	d7304
909	d7321
909	d7307
909	dm541
909	dm7929
909	859953
909	175790
909	149240
909	149250
909	149310
909	149280
909	858663
909	854556
909	149290
909	149300
909	77960
909	77970
909	500798
909	77590
909	d2791
909	77620
909	d2354
909	dm822
909	148350
909	869987
909	149260
909	855649
909	149230
909	dm7757
909	d5794
909	dm7900
909	858024
909	175690
909	176150
909	863786
909	d7340
909	d7306
910	401002
911	175780
911	175790
912	149230
912	149240
912	149250
912	149280
912	149290
912	149300
912	855649
913	175910
913	175950
913	175920
913	175930
913	175900
913	175940
913	d7762
913	d7763
913	dm7716
914	175920
914	175930
914	175900
914	175950
914	175940
914	d7762
914	d7763
914	dm7716
915	172550
916	175960
916	175990
917	172680
917	172690
918	170860
918	170861
918	170870
918	170880
918	170900
918	170920
918	170930
918	170940
918	170960
918	171450
918	171460
918	171470
918	171480
918	450189
918	550180
918	600413
919	171430
919	171540
920	171710
921	171690
921	171700
922	172810
923	172700
924	172780
924	172790
925	176250
925	176280
926	176410
927	176380
928	176360
929	172850
930	176330
931	176310
932	176840
932	176870
932	176880
932	176890
932	176960
932	176990
932	177010
932	177050
932	177200
932	177210
932	177220
932	177260
932	177270
932	600467
933	176840
933	176870
933	176880
933	176890
933	176960
933	176980
933	177010
933	177200
933	177220
933	177260
933	177270
933	600467
933	850699
933	852063
933	854581
933	858065
933	860615
933	858062
933	176900
933	176920
933	176990
933	177000
933	177020
933	177030
933	177040
933	177050
933	855640
933	177070
933	858063
933	177100
933	860994
933	177210
933	149390
933	149400
933	149420
933	863038
933	149460
933	149470
933	852151
933	d7652
933	d7658
934	177580
935	177510
936	174970
937	169670
937	169680
937	169790
937	170460
937	170470
937	170480
937	170490
937	170500
937	400242
938	170140
938	170160
938	170180
938	170200
938	170210
938	170220
938	170290
938	854575
938	859778
938	170150
938	170120
938	170130
938	170240
938	170250
938	170260
938	851301
938	858055
938	147940
938	147930
939	176900
939	177030
939	177040
939	177210
940	168860
940	168930
940	400096
940	400576
940	400577
940	400812
940	450772
941	33530
941	33540
941	174260
941	174270
941	174320
941	174010
941	174070
941	174080
941	174110
941	174310
941	174470
942	174480
942	174510
943	174040
944	173200
944	173370
944	173380
945	861085
946	169650
946	169660
947	176800
948	42350
949	45270
949	45280
950	45050
950	45060
950	45070
950	45090
950	45100
950	45150
950	45160
950	45170
950	45200
950	70760
950	854500
950	866885
950	866888
950	45080
950	45180
950	45190
950	858117
950	45120
950	45110
950	45220
950	45230
950	d1315
950	dm7703
950	131780
950	d5197
950	131770
950	d5345
951	44940
952	500186
952	51510
952	51520
952	854503
952	501070
952	51490
952	51500
952	858907
952	850153
952	130920
953	51960
953	51970
953	51980
953	51990
953	52040
953	52050
953	52350
953	858120
953	858121
953	858127
953	863063
953	d1600
953	d1249
953	dm576
953	d1555
953	d1563
953	dm4851
953	d1603
953	52030
953	858126
953	52770
953	130950
953	d5163
953	d5168
953	d5169
953	856154
954	52610
954	52620
955	400433
955	51870
955	51880
955	51890
955	51900
955	51920
955	51930
956	52740
956	52750
956	550246
957	51690
957	51700
957	51710
957	51720
957	51760
957	51770
957	51780
957	51830
958	52130
958	52200
958	52210
959	52090
959	52100
959	52160
959	52270
959	52280
960	450079
960	450154
960	52360
960	52390
960	52460
960	52470
960	52500
960	52540
960	52400
961	45900
962	45860
963	50720
963	50790
963	50810
963	50830
963	50840
963	850420
964	50860
965	50900
965	50910
965	50930
966	50750
966	50770
966	50780
967	48330
967	48340
967	48360
968	48980
970	48440
970	48530
970	600562
970	851318
970	851319
970	855699
970	858140
970	d1482
970	dm7720
970	dm7721
970	dm7801
970	d1483
970	48460
970	48470
970	48540
970	48990
970	48430
970	48450
971	48630
972	49320
972	49330
972	49340
973	48700
974	49120
974	49130
974	49140
974	d1490
974	d1492
974	dm7718
974	49180
974	49260
974	49290
974	49150
974	49160
974	49170
974	130690
974	851604
975	49190
976	48760
976	48860
976	d1478
976	d1479
976	48790
976	858138
976	48770
976	48800
976	48810
976	48820
976	48840
976	48850
976	855698
976	860971
976	48830
976	858139
976	48870
976	48880
976	48900
976	850415
976	867641
976	86100
976	875450
977	48840
977	48950
977	48880
978	48760
978	48860
978	d1478
978	d1479
978	48790
978	858138
978	48770
978	48800
978	48810
978	48820
978	48840
978	48850
978	855698
978	860971
978	48830
978	858139
978	48870
978	48880
978	48900
978	850415
978	867641
978	86100
978	875450
979	45920
979	45930
979	45940
979	45950
979	45960
980	46060
980	46070
981	46140
981	46150
982	46280
983	46360
983	47110
983	550129
983	851210
983	851212
983	851621
983	853887
983	854396
983	855526
983	858148
983	863618
983	880736
983	46160
983	46370
983	46420
983	46440
984	46160
984	46370
984	46420
984	46440
985	46360
985	47110
985	550129
985	851210
985	851212
985	851621
985	853887
985	854396
985	855526
985	858148
985	863618
985	880736
986	47170
986	47220
987	46660
987	46670
988	46710
988	46720
988	46730
988	46740
988	46800
988	46810
988	46820
989	46600
989	46610
989	46620
990	47020
990	47030
990	47050
990	47070
991	45750
992	400685
992	450161
992	47271
992	47280
992	47290
992	47300
992	47310
992	47320
992	47340
992	47420
992	47430
992	47440
992	47460
992	47470
992	47480
992	47490
992	47710
992	47760
992	47780
993	d1434
993	d1435
993	48070
994	450145
994	47810
994	47820
994	47840
994	47850
994	47860
994	854805
994	d1433
994	47830
994	47870
994	850411
994	850412
995	450145
995	47810
995	47820
995	47840
995	47850
995	47860
995	854805
995	d1433
995	47830
995	47870
995	850411
995	850412
996	48090
996	48110
997	48130
997	48150
997	48160
997	48170
997	48180
997	48200
997	500125
997	600301
997	850414
997	852476
997	852796
997	854709
997	dm3215
997	d1446
997	d1524
997	d1444
997	d1443
997	854413
997	d3462
997	dm7763
998	49440
998	49450
998	49470
998	500233
999	50240
1000	50050
1001	50310
1002	50070
1002	858205
1003	50340
1003	50350
1003	50460
1003	50500
1003	50510
1004	50700
1004	50710
1005	49520
1005	49530
1005	49550
1005	650064
1006	400135
1006	49800
1006	49820
1006	49830
1006	49850
1006	49870
1006	49880
1006	49810
1006	49840
1007	49460
1008	50540
1008	50590
1008	50610
1009	49590
1009	49600
1009	49610
1009	49630
1009	49680
1009	49690
1009	49710
1009	49760
1009	500010
1009	851401
1009	858850
1009	d1505
1009	dm2191
1009	d1511
1009	d1512
1009	dm8037
1009	dm4630
1009	d1502
1009	49640
1009	49620
1009	49650
1009	49660
1009	49700
1009	853977
1009	858216
1009	49460
1009	49461
1009	130730
1010	49590
1010	49600
1010	49610
1010	49620
1010	49630
1010	49680
1010	49690
1010	49700
1010	49710
1010	49760
1010	500010
1010	851401
1010	858850
1010	d1505
1010	dm2191
1010	d1511
1010	d1512
1010	dm8037
1010	dm4630
1010	d1502
1010	49640
1010	49650
1010	49660
1010	853977
1010	858216
1010	49460
1010	49461
1010	130730
1011	401162
1011	50640
1011	50650
1011	70028
1011	854502
1011	50680
1011	130790
1011	861722
1012	49950
1012	49970
1012	858227
1013	50030
1014	50270
1015	51170
1016	35920
1016	35940
1016	35960
1016	35980
1016	35990
1016	36000
1016	36010
1016	36030
1016	36040
1016	401143
1016	850342
1016	862907
1016	d901
1016	d1233
1016	866564
1016	863015
1016	854497
1016	401151
1017	42570
1017	42580
1018	42550
1018	42640
1018	42641
1019	42630
1020	43940
1020	400674
1020	43530
1020	43550
1020	43570
1020	43580
1020	43590
1020	43600
1020	43620
1020	43630
1020	43640
1020	43700
1020	43710
1020	43720
1020	43730
1020	43750
1020	43800
1020	43900
1020	43910
1020	43920
1020	43930
1020	600304
1021	43010
1021	43200
1021	d1192
1021	d1193
1021	d1187
1021	d1188
1021	d1189
1021	d1194
1021	d1195
1021	d1196
1021	853147
1021	43020
1021	43030
1021	43040
1021	43190
1021	43060
1021	43050
1021	43070
1021	866846
1021	856152
1021	43220
1021	67240
1021	d2603
1021	73440
1021	129860
1022	853147
1022	48760
1022	d1478
1022	d1479
1022	48790
1022	858138
1022	48770
1022	48800
1022	48810
1022	48820
1022	48840
1022	48850
1022	48860
1022	855698
1022	860971
1022	48830
1022	858139
1022	48870
1022	48880
1022	48900
1022	850415
1022	867641
1022	86100
1022	875450
1022	43010
1022	43200
1022	d1192
1022	d1193
1022	d1187
1022	d1188
1022	d1189
1022	d1194
1022	d1195
1022	d1196
1022	43020
1022	43030
1022	43040
1022	43190
1022	43060
1022	43050
1022	43070
1022	866846
1022	856152
1022	43220
1022	67240
1022	d2603
1022	73440
1022	129860
1022	43210
1022	858108
1023	43010
1024	42920
1024	42950
1024	42980
1024	42990
1025	42940
1025	42960
1026	44230
1026	44370
1027	400114
1027	44430
1027	44440
1027	44450
1027	44460
1027	44470
1027	44480
1027	44490
1027	44510
1027	44520
1027	44530
1027	44540
1027	44550
1027	44560
1027	44570
1027	44580
1027	44620
1027	44630
1027	855694
1027	858088
1027	860551
1027	866864
1027	850111
1027	853177
1027	44500
1027	852709
1027	858087
1027	d1275
1027	d1274
1027	d1276
1027	d1279
1027	d1277
1027	dm3290
1027	d1282
1027	d1284
1027	d1285
1027	130010
1027	130020
1027	d5118
1027	dm7860
1028	44680
1028	44690
1028	44730
1028	44740
1028	44810
1029	44680
1030	44310
1031	24730
1032	20070
1033	137910
1034	31
1034	37
1034	400588
1034	49
1034	50
1034	51
1035	34320
1035	34340
1035	34350
1035	34360
1035	34460
1035	34520
1035	34530
1035	34540
1035	34550
1035	34570
1035	34590
1035	854495
1035	855770
1035	36070
1035	d47
1035	d801
1035	dm200
1035	dm2600
1035	d802
1035	d330
1035	d806
1035	dm868
1035	d796
1035	d795
1035	34380
1035	34390
1035	34400
1035	34410
1035	36060
1035	35870
1035	34450
1035	34480
1035	34500
1035	34510
1035	34470
1035	34560
1035	865664
1035	d882
1035	34370
1035	800062
1035	35860
1035	36240
1035	dm3250
1035	d2291
1035	850060
1035	68200
1035	855658
1036	93
1036	95
1036	97
1037	36750
1038	128660
1038	128670
1038	34880
1038	34920
1038	450396
1038	34750
1038	34760
1038	34770
1038	34780
1038	34800
1038	34850
1038	34860
1038	34900
1038	34930
1038	35090
1038	35100
1038	35110
1038	35120
1038	35240
1038	450158
1038	450392
1038	450393
1039	36610
1041	313
1041	314
1041	317
1041	860554
1041	860570
1041	10630
1041	318
1041	167120
1041	d1136
1041	127530
1042	168
1042	169
1042	170
1042	171
1042	174
1042	175
1042	d21
1042	d184
1042	35450
1042	d3530
1042	126930
1043	852089
1043	d1166
1043	d1165
1043	42210
1043	862957
1044	20850
1044	20860
1044	20880
1044	10490
1044	10520
1044	200
1044	201
1044	202
1044	203
1044	204
1044	205
1044	206
1044	207
1044	217
1044	218
1044	219
1044	220
1044	221
1044	253
1044	500270
1044	500678
1044	500721
1044	600475
1045	37480
1045	198
1045	215
1045	216
1045	251
1046	157
1046	158
1047	132
1047	133
1047	144
1047	145
1047	146
1047	147
1047	148
1047	501096
1047	856380
1048	41770
1049	107
1049	108
1049	111
1049	115
1050	290
1050	291
1050	293
1050	294
1050	d231
1050	127390
1050	295
1051	10460
1051	164
1052	271
1052	400357
1052	d209
1053	266
1053	267
1053	268
1053	269
1054	68920
1054	129190
1054	40100
1054	40110
1054	40120
1054	40140
1054	40160
1054	40170
1054	40200
1054	40230
1054	40260
1054	40270
1054	40280
1054	40360
1054	40370
1054	40380
1054	40410
1054	40420
1054	40430
1054	40440
1054	40450
1054	40470
1054	851686
1054	851887
1054	40480
1054	40240
1055	127320
1055	287
1055	288
1055	289
1056	37510
1057	322
1057	323
1057	324
1057	325
1057	340
1057	341
1058	37990
1059	37910
1060	37670
1060	37720
1060	37740
1061	38150
1061	38240
1062	128900
1062	38020
1062	38070
1062	38080
1062	38110
1062	38160
1062	38180
1062	38350
1062	400159
1062	600096
1062	600622
1062	850413
1062	862933
1063	38120
1063	38130
1063	38140
1063	38260
1064	38050
1064	600096
1064	850556
1065	38390
1065	38400
1065	38370
1066	39030
1067	27700
1067	27710
1067	27720
1067	27730
1067	27750
1067	d585
1067	400954
1067	dm43
1067	dm2560
1068	38520
1068	38550
1068	38560
1068	38570
1068	38580
1068	38590
1069	38520
1069	38550
1069	38560
1069	38570
1069	38580
1069	38590
1070	128910
1070	128920
1070	128930
1070	128940
1070	128950
1070	400167
1070	38530
1070	38540
1070	38610
1070	38630
1070	38670
1070	38710
1070	38730
1070	38740
1070	38780
1070	38910
1070	400614
1070	500274
1070	852886
1071	38960
1071	860384
1072	37210
1072	37220
1073	41180
1073	41190
1073	41430
1073	41440
1073	41450
1073	41470
1073	41520
1073	500254
1073	550196
1073	851300
1073	859008
1073	d1120
1073	d1121
1073	d1123
1073	d875
1073	41200
1073	41490
1073	41240
1073	41460
1073	41480
1073	41210
1073	68950
1073	68960
1073	68970
1073	76850
1073	129310
1073	129320
1073	129350
1073	855294
1073	861169
1074	39180
1074	39190
1074	39200
1075	39410
1076	39140
1076	39150
1076	39330
1076	39780
1077	39160
1077	39210
1078	39140
1078	39150
1078	39330
1078	856410
1078	856451
1079	39800
1079	d1050
1079	dm7604
1080	39630
1080	39680
1080	39740
1081	39600
1081	39610
1081	39620
1081	39650
1081	39660
1081	39690
1081	39700
1081	39740
1081	39750
1081	854499
1081	854608
1081	856688
1081	39670
1081	39760
1081	d1043
1081	d1064
1081	d182
1081	d1142
1081	852049
1081	d1045
1081	39630
1081	39640
1081	39680
1081	129030
1081	129040
1082	39650
1083	39590
1084	40890
1084	40900
1084	40920
1084	40930
1084	41110
1084	41150
1085	41010
1085	41011
1085	41020
1085	41050
1085	450155
1085	450171
1086	41040
1087	149660
1087	149680
1088	181070
1089	854642
1090	78670
1090	78680
1090	78690
1090	854517
1091	78220
1092	149660
1092	149670
1092	177610
1092	177620
1092	177700
1092	857761
1092	149650
1092	149680
1092	149690
1092	31900
1092	863011
1092	149700
1092	856558
1092	33870
1092	33880
1092	68580
1093	78430
1093	78550
1094	78460
1094	78480
1095	147150
1095	147160
1096	147110
1097	140250
1097	140260
1098	141400
1098	141420
1098	141460
1099	141440
1100	141480
1100	141540
1100	141550
1101	143050
1101	143060
1101	143100
1101	143150
1101	450571
1101	143190
1102	144250
1102	144670
1102	144680
1102	450097
1102	550055
1102	600375
1103	143400
1103	143410
1103	550303
1104	143480
1104	143490
1105	141250
1105	141260
1105	141270
1105	141280
1105	141290
1105	141300
1105	141320
1105	141330
1105	857664
1106	86570
1106	86580
1106	86590
1107	86430
1107	86450
1108	142130
1108	142140
1108	142150
1108	142160
1108	142170
1108	142180
1108	142190
1108	142200
1108	142220
1108	142240
1108	142270
1108	142300
1108	142380
1108	142390
1108	142400
1108	400331
1108	851679
1108	852146
1108	854304
1108	855216
1108	857930
1108	858646
1108	d5521
1108	d5529
1108	500441
1108	857926
1108	857927
1108	857928
1108	859474
1108	142250
1108	857934
1108	142280
1108	142290
1108	859592
1108	144160
1108	dm7560
1108	857929
1108	dm8038
1108	d5518
1108	d5603
1111	142440
1111	142450
1111	142630
1112	142460
1112	142530
1112	142580
1113	142460
1113	142530
1113	142580
1114	85490
1114	85560
1115	85460
1115	85540
1116	85690
1116	85700
1116	85710
1116	85720
1117	142880
1117	142920
1118	85790
1119	85790
1120	86680
1121	95890
1121	95910
1121	d3557
1121	d3558
1121	855716
1121	95930
1121	868307
1122	121510
1122	143130
1122	143210
1122	852623
1122	854549
1122	854832
1123	143130
1124	400031
1124	400968
1124	550230
1124	86760
1124	86780
1124	87560
1124	87570
1124	87580
1124	87690
1124	86930
1124	86960
1124	86990
1125	140600
1126	140010
1126	140020
1126	140030
1126	140050
1126	140060
1126	140070
1126	140080
1126	140090
1127	146980
1127	146990
1128	146490
1129	146390
1129	146400
1129	146420
1129	146430
1129	146470
1129	146580
1129	146700
1129	146710
1129	146730
1129	500393
1129	854552
1129	855087
1129	856073
1129	857789
1129	858508
1129	859239
1129	d5634
1129	d5682
1129	d5672
1129	146720
1129	852792
1129	146540
1129	75920
1129	853782
1129	75910
1129	146440
1129	146460
1129	dm7382
1129	146520
1129	146550
1129	146570
1129	147040
1129	146980
1129	146990
1129	147000
1129	147010
1129	860885
1129	dm7572
1129	d5696
1129	870767
1130	146500
1130	146720
1131	600036
1132	146880
1133	146610
1133	146620
1133	146630
1133	146640
1133	600215
1134	854710
1134	89020
1135	134140
1135	134800
1135	134870
1136	134810
1136	134820
1136	134830
1136	135870
1137	135960
1137	136020
1137	d5318
1137	136030
1137	136050
1138	135540
1138	73320
1138	73330
1138	73380
1138	73440
1138	73450
1138	856080
1139	84340
1139	84350
1139	84360
1139	84370
1140	851706
1141	84130
1141	84180
1141	84490
1141	84500
1142	69300
1142	69310
1142	69320
1142	77280
1142	77290
1142	77300
1142	d2408
1142	d2409
1142	dm762
1142	69330
1143	134210
1143	134360
1143	134590
1144	134380
1145	136320
1145	136430
1145	136640
1146	137300
1146	d5350
1147	27700
1147	27710
1147	27730
1147	d585
1147	27720
1147	400954
1147	dm43
1147	dm2560
1148	137850
1148	500330
1149	138280
1150	85010
1151	80130
1151	84920
1151	dm3894
1152	133180
1152	133190
1152	133300
1152	500142
1152	855077
1152	d5260
1152	d5262
1152	d5224
1152	133220
1152	500143
1152	133210
1152	133240
1152	133260
1152	133280
1152	133290
1152	133340
1152	857835
1152	133310
1152	851672
1152	133320
1152	851287
1152	855076
1152	133370
1152	143960
1152	143970
1152	dm937
1152	dm7601
1152	dm795
1152	dm1273
1152	d5221
1152	d5229
1153	133380
1154	83140
1155	146040
1155	146050
1155	160030
1155	160050
1155	160060
1155	160070
1155	160080
1155	160090
1155	160130
1155	880754
1156	88990
1156	89000
1156	89010
1156	89030
1156	89040
1157	85100
1158	93210
1158	93230
1158	93430
1158	93460
1158	93610
1158	93620
1158	93640
1159	139910
1160	139390
1160	139410
1160	650020
1161	146880
1162	139490
1162	139530
1163	139770
1163	139810
1163	d3710
1163	d1065
1163	856676
1163	dm2704
1163	96300
1163	96330
1163	96340
1163	96310
1163	96290
1163	96350
1163	855367
1163	856232
1163	857634
1163	96400
1163	d3635
1163	dm6422
1163	dm123
1163	139790
1163	139800
1163	139840
1163	139890
1163	139880
1163	139850
1163	139860
1163	139870
1164	87870
1164	87880
1165	88100
1166	149770
1167	150440
1168	137230
1168	137240
1169	138540
1169	138580
1169	138620
1170	90260
1170	138660
1170	138670
1170	138690
1170	400281
1170	703981
1170	90280
1170	90310
1170	90320
1170	90400
1170	90410
1170	90420
1170	90430
1170	90440
1170	90450
1170	90470
1170	90480
1170	90510
1170	90520
1170	90530
1170	90540
1170	90570
1170	90580
1170	90610
1170	138650
1171	88620
1172	144880
1172	144920
1173	144850
1173	144860
1173	144870
1173	144900
1173	144910
1173	144920
1173	144930
1173	144940
1173	857855
1173	857856
1173	859240
1173	d4464
1173	144880
1173	854743
1173	d5904
1173	d5958
1173	d5939
1173	153290
1173	dm5582
1173	dm3207
1174	76430
1175	88370
1176	88270
1177	156840
1177	dm7823
1177	dm7821
1177	d6124
1177	d6123
1178	88350
1179	75840
1180	151460
1180	151530
1181	151470
1182	600254
1182	600255
1182	148520
1183	80980
1184	80840
1185	80060
1186	500005
1186	79020
1186	79990
1186	80020
1186	80090
1187	81570
1188	81400
1188	81410
1189	130140
1190	130260
1190	130140
1190	130150
1191	130100
1191	130110
1191	130150
1191	130160
1192	50070
1192	858205
1193	81
1194	80410
1194	80450
1195	80340
1195	80360
1196	80450
1197	80410
1197	80450
1198	36310
1198	36320
1198	36350
1198	36360
1198	36410
1198	36740
1198	36780
1198	600480
1198	863741
1199	855765
1200	73050
1200	73070
1200	869279
1200	135490
1200	135500
1201	74300
1201	74330
1201	74340
1202	80460
1202	80470
1202	80480
1203	20780
1203	27590
1203	20770
1203	20820
1203	854783
1203	20810
1203	857080
1203	20800
1203	20830
1203	d164
1203	d179
1203	27530
1204	36300
1204	36340
1204	36380
1204	36720
1205	58010
1205	850481
1206	56220
1206	56230
1206	56240
1206	56250
1207	56190
1207	850454
1208	56140
1209	186320
1209	186330
1209	859928
1210	179170
1210	179180
1210	179210
1210	600468
1211	179330
1211	179370
1212	178290
1212	178350
1212	178490
1213	178310
1214	184040
1215	179620
1215	179710
1215	179800
1215	179850
1215	179680
1215	179690
1215	179700
1215	179780
1216	184120
1217	184220
1218	178520
1218	178530
1218	178540
1218	178550
1218	178560
1218	178570
1218	178580
1218	178590
1218	178600
1218	178630
1218	178660
1218	178690
1218	854585
1218	856620
1219	178730
1220	183170
1220	183350
1221	184190
1222	184350
1222	859911
1223	183280
1224	183150
1224	183160
1224	183370
1224	183380
1225	183250
1225	183260
1225	183300
1225	183310
1225	183400
1225	859246
1226	183450
1227	180950
1228	185840
1228	185850
1228	185870
1228	185900
1228	185910
1228	185920
1228	185990
1228	186110
1228	400140
1229	186080
1229	186090
1229	186100
1229	150960
1229	859334
1230	182120
1230	182140
1231	180260
1232	181270
1233	181210
1233	181220
1234	184620
1234	184660
1234	184670
1234	184680
1234	184720
1234	184740
1234	184890
1235	186280
1235	186290
1236	184630
1237	184580
1237	182270
1238	77510
1239	176510
1240	180320
1241	181500
1241	181670
1241	181690
1241	181810
1241	181820
1241	181880
1242	178160
1243	185310
1244	185320
1245	185290
1246	180380
1247	167370
1247	167380
1248	166550
1249	850654
1250	111990
1251	104560
1252	116700
1252	116720
1253	104430
1253	104440
1253	104460
1253	104470
1253	104490
1253	854345
1254	852962
1255	98420
1256	118590
1256	500246
1256	118700
1256	118690
1257	104230
1257	104250
1257	104260
1257	104220
1258	102640
1258	102660
1259	109640
1260	97350
1261	97470
1262	100680
1263	97550
1264	113220
1264	113410
1264	113420
1264	113430
1264	113520
1265	100730
1265	100740
1265	100750
1265	100780
1265	100800
1265	100810
1266	112120
1267	100680
1268	111110
1268	111130
1269	100310
1269	100320
1269	100340
1269	100350
1269	100380
1269	101180
1269	854603
1269	101200
1269	100370
1269	100330
1269	100360
1269	100400
1269	100410
1269	868364
1269	863789
1269	101040
1269	100440
1269	100450
1269	863014
1269	101130
1269	101270
1269	d3936
1269	dm1087
1269	d3933
1269	dm7454
1269	dm758
1269	d3947
1269	d3977
1269	873176
1269	dm2444
1269	d4357
1269	d4363
1269	dm3258
1269	dm2474
1270	101850
1270	101860
1270	101900
1270	102390
1270	102400
1270	102740
1270	102750
1270	102760
1271	103170
1271	103180
1271	856681
1271	d4007
1271	d4229
1271	dm7792
1272	24310
1273	22570
1274	78340
1275	72880
1275	72890
1276	74420
1276	74450
1277	69610
1277	69750
1278	400261
1279	80800
1280	172800
1281	159970
1282	149520
1282	149590
1283	150140
1284	135180
1285	155000
1285	155030
1285	155040
1285	155060
1286	154440
1287	855552
1288	156390
1289	136590
1290	155320
1291	155480
1291	155530
1291	155270
1291	856218
1291	156250
1292	155480
1293	132300
1293	132310
1293	132480
1293	132740
1293	132760
1294	155240
1294	155250
1294	155390
1294	155510
1294	156000
1294	450467
1295	155280
1295	155370
1295	155490
1295	155580
1296	155930
1296	155940
1297	153720
1297	851309
1298	132840
1298	132870
1298	132900
1299	132820
1300	137250
1300	137260
1300	137310
1300	500159
1301	153970
1301	153980
1302	152080
1302	157790
1303	138920
1303	139180
1304	138980
1305	139070
1306	158000
1306	158130
1307	157940
1307	157950
1307	157990
1307	158010
1307	158050
1307	158070
1307	158080
1307	158120
1307	158150
1307	158160
1307	400452
1307	600289
1307	857866
1307	857997
1307	860614
1307	157960
1307	158000
1307	158030
1307	500939
1307	158090
1307	158100
1307	500092
1307	145680
1307	145690
1307	145790
1307	145700
1307	145710
1307	145730
1307	145740
1307	145750
1307	145780
1307	850976
1307	145800
1307	145810
1307	d6197
1307	dm2778
1307	d6230
1307	d6212
1307	158180
1307	878645
1307	880103
1308	126380
1309	125510
1309	125630
1310	125640
1310	126360
1310	126370
1310	126450
1310	127540
1311	125670
1312	127250
1313	6
1314	10270
1315	10270
1316	36650
1316	36660
1316	36670
1317	41820
1317	600223
1318	103
1318	104
1319	450623
1319	359
1319	856354
1319	89
1319	90
1319	91
1319	92
1319	d84
1319	d70
1320	36250
1320	500827
1321	121
1321	122
1321	123
1322	34870
1322	35270
1322	850337
1323	10380
1323	359
1324	41960
1325	35400
1325	35410
1326	42100
1326	42110
1327	37070
1328	41980
1328	41990
1329	35700
1330	191
1330	10470
1330	185
1330	850622
1331	42100
1331	42110
1331	42120
1331	d1160
1331	d1162
1331	dm7700
1331	dm3636
1331	dm4831
1331	129390
1332	37370
1332	500940
1333	41730
1334	41680
1334	851641
1335	41790
1335	41800
1336	40500
1336	40510
1336	40520
1336	40590
1336	40620
1336	500481
1336	40550
1336	40570
1337	40770
1337	40780
1337	40800
1338	40830
1339	40060
1339	40070
1339	40080
1339	40090
1339	39920
1340	264
1340	265
1340	281
1341	d805
1341	d851
1341	34920
1341	450396
1342	347
1342	335
1343	37830
1344	184250
1344	184240
1345	97500
1345	97260
1346	21420
1347	185770
1348	400109
1348	856925
1348	99050
1348	98990
1348	85750
1348	dm7689
1348	98920
1348	d3772
1348	d4005
1348	d4009
1348	99020
1348	856208
1348	d3831
1348	140180
1348	851901
1348	d5441
1348	d5442
1348	d5444
1348	dm8091
1348	140160
1349	164780
1350	138950
1350	855669
1350	139740
1351	170760
1352	52610
1352	52620
1352	d1572
1352	d1573
1352	d1574
1352	52640
1352	867701
1352	867704
1352	500450
1352	550444
1352	852149
1352	869216
1352	857659
1353	160890
1353	160900
1353	160940
1353	160950
1353	161020
1353	161030
1353	161060
1353	161070
1353	161150
1353	161160
1353	550122
1354	139740
1354	855669
1354	138950
1356	145880
1356	158520
1356	158530
1356	158580
1356	158600
1356	158720
1356	158770
1356	158780
1356	158790
1356	158820
1356	158830
1356	158860
1356	158870
1356	857753
1357	162150
1357	162070
1358	173610
